"","gene_ID","X88F","X88M","X88supM","X89F","X89M","X89supM","X103F","X103M","X103supM","X9F","X9M"
"30414","comp21897_c0",5,10,58,4,14,61,6,117,0,15,81
"30877","comp22076_c0",0,0,0,0,0,1,0,0,2,32,55
"31925","comp22477_c0",1,10,4,9,5,59.02,0,22,2,5,58
"32164","comp22579_c0",16,143,386,137.99,9,634,140.04,431,10,154,223
"32190","comp22591_c0",8,32,70,17,3,29,47,523,28,15,117
"32230","comp22611_c0",1,7.99,140.91,2,0,758.82,2,244.18,0,5,261.43
"32317","comp22645_c0",0,0,0,3,411,471,0,1209,3,0,94
"32400","comp22680_c0",0,1,0,4,122,211,2,1122.99,0,0,7
"32507","comp22726_c0",1,0,0,3,57,669.79,0,3653.93,0,0,4
"32653","comp22793_c0",34,48,658,193,22,220,117,433,18,155,278
"32709","comp22821_c0",179,183,2299,183,93,1164,201,4580.79,32,233,4674.11
"33019","comp22961_c0",10,111,226,177,127.01,343,65,745,8,180,206
"33176","comp23035_c0",4,6,27,3,1,69,2,222,1,3,26
"33256","comp23078_c0",0,0,14,44,10,83,0,58,1,6,292
"33273","comp23084_c0",2,4,42,4,0,33,0,27,0,0,115
"33578","comp23236_c0",1,8,41.43,12,3,18,21,96,2,12,24
"33896","comp23405_c0",0,0,0,1,19,49,0,239,0,0,0
"34014","comp23464_c0",0,3,35,30,2,467,2,71,0,0,121
"34046","comp23482_c0",2,4,17,4,7,40,0,45,0,1,95
"34050","comp23485_c0",1,7,7,13,22,75,4,196,0,4,10
"34134","comp23531_c0",6,9,56,20,2,236,15,266.08,2,7,175.06
"34228","comp23580_c0",7,30,86,9,3,22,11,43,1,5,52
"44288","comp27987_c0",0,0,28,7,4,28,26,18,3,2,25
"45115","comp28394_c0",4,24,106,6,2,53,5,82,0,7,38
"48914","comp31029_c0",4,14,97,21,2,84,13,207,4,11,61
"49466","comp31245_c0",184,238,788,181.42,122,1024,178,892,19,383.12,659
"50438","comp31577_c0",0,1,7,0,810,1270,0,6001.15,2,0,143
"51376","comp31906_c0",62,156,475,144,18,707,110,1902.94,22,69,760
"52102","comp32179_c0",651,916.78,542.08,2210.01,203.38,481.07,2575,3352,30.01,965.62,1042.85
"52486","comp32326_c0",2,4,4,11,52,135,4,405,0,3,25
"52488","comp32327_c0",1,2,3,6,8,22,0,418,4,1,9
"52879","comp32480_c0",0,0,0,0,19,32,0,86,0,0,0
"53794","comp32833_c0",0,0,2,0,0,53,0,87,0,1,53
"53956","comp32893_c0",400,1407,6979.02,2941,687,7662.2,1158,16546.97,165,1893.4,9264.05
"54114","comp32958_c0",0,0,66,0,996,1402.58,0,4662.74,0,0,229
"54115","comp32958_c1",0,3,36,0,617.05,963,1,3303.38,2,2,174
"54202","comp32994_c0",1,4,16,4,0,24,15,278,1,1,86
"54342","comp33043_c0",1,11,74,7,3,7,9,166.9,3,7,50
"54535","comp33119_c0",1,2,19,11,17,57.02,0,126,0,7,43
"54567","comp33130_c0",0,0,0,1,287,416,4,591,0,0,73
"55072","comp33331_c0",0,0,0,0,6,27,0,229.39,0,0,0
"55251","comp33412_c0",0,7,44,7,4,106,10,162,2,4,621
"55310","comp33441_c0",3,15,49,9,2,179,2,120,0,5,85
"55430","comp33486_c0",0,0,0,80.31,18,375.42,114,629.95,7,119,680.6
"55479","comp33505_c0",0,0,0,0,1,371.32,0,109,0,0,421
"55480","comp33505_c1",0,1,1,0,0,479.99,0,151,2,0,553.98
"55503","comp33517_c0",7,12,87,5,2,147,32,335,1,39,428
"55573","comp33544_c0",0,0,0,0,0,0,0,0,2,70,59
"55581","comp33546_c0",0,0,1,0,6,55,2,23,1,23,922
"55665","comp33581_c0",0,0,0,71,19,1,115,322,1,0,0
"56096","comp33783_c0",0,3,1,2,657.93,2136.31,0,7613.7,0,0,2
"56317","comp33879_c0",6,21,83,20,4,66,26,94,0,21,48
"56429","comp33928_c0",29,46,173,36,19,512,36,1154,8,36,703.98
"56516","comp33968_c0",3,5,21,8,2,127,1,165,0,6,148
"56747","comp34081_c0",5,7,87,5,15,61,13,367,0,16,74
"57224","comp34287_c1",0,72,103,0,0,0,0,0,4,161,69
"57515","comp34429_c0",0,0,0,0,0,41,0,0,7,145,100.97
"57525","comp34435_c0",7,56,34,40,169,1640,60,3397,1,72,168
"57732","comp34538_c0",10,29,95,25,8,150,15,355,9,38,748
"57754","comp34550_c0",12,0,180,87,691,957,2,2804,11,21,416.87
"57783","comp34562_c0",6,9,89,6,4,280,1,124,0,12,88
"60278","comp35771_c0",0,0,0,3,10,27,0,90,0,1,3
"68066","comp40935_c0",1,30,100,24,9,56,78,369,9,26,44
"68442","comp41207_c0",0,5,5,0,0,36.14,3,77.98,0,19,173
"68478","comp41235_c0",0,7,59,2,2,66,4,82,3,3,16
"68574","comp41311_c0",13,14,150,13,5,34,15,117,3,6,37
"68575","comp41311_c1",11,13,115,8,0,36,21,88,4,8,28
"68757","comp41452_c0",4,1,55,7,1,36,0,4,0,26,70
"68773","comp41467_c1",2,2,28.98,4,1,52,8,130.68,0,3,28
"69207","comp41709_c0",3,1,96,6,103,109,1,328,1,1,72
"69217","comp41716_c0",2,2,12,2,86,287,0,1037,0,3,93
"69372","comp41790_c0",278.69,1211.98,2101.26,437.77,511.01,916.76,620.61,3962.83,49.15,671.41,507.9
"69378","comp41792_c1",0,0,2,11,2,57.03,4,47.03,2,19,42
"69519","comp41856_c0",0,3,2,5,547,1471,3,7208,1,7,44
"69535","comp41863_c0",2,11,31,4,1,48,3,57,2,5,121
"69880","comp42021_c0",0,2,2,0,1,38,0,305,0,2,32
"70007","comp42081_c0",5,20,105,8,5,189,34,320,1,12,112
"70153","comp42151_c0",8,47,72.14,4,3,137,11,30,0,24,35
"70340","comp42238_c0",3,5,19,9,15,21,13,137,0,10,54
"70475","comp42305_c0",2,8,21,6,3,208.02,5,236.64,1,3,209
"70595","comp42359_c0",29,128,279.99,234,24,366,58.01,240,9,85,90
"70617","comp42371_c0",1,3,25,11,2,240.18,9,215.77,3,8,46.71
"70648","comp42385_c0",9,34,54,10,5,44,22,76,2,19,76.59
"70719","comp42417_c0",37,140,317,194,26,253,83.97,408.02,17,220.01,237
"70834","comp42477_c0",1,14,97,47,29,34,30,657,1,14,111
"70835","comp42477_c1",0,8,36,9,10,6,8,208,0,6,33
"70850","comp42484_c0",0,0,0,0,0,0,0,0,6,105,146
"71161","comp42628_c0",14,34,251,48,3,128,17,592,16,12,61
"71298","comp42693_c0",243,511,290,560,53,103,1025,294,9,521.99,360
"71372","comp42725_c1",0,0,0,0,0,1,1,1,2,34,42
"71458","comp42767_c0",0,0,4,5,8,27,0,69,0,1,2
"71486","comp42782_c0",3,2,2,5,22,41.15,2,201,1,1,37
"71627","comp42849_c0",10,21,172.12,34,9,308.11,16,254,1,21,108
"73136","comp43573_c1",122,431,179.02,346,36,107,795.07,343,3,269,125
"73342","comp43675_c0",2,20,57,11,126,186,13,365.94,2,0,49.79
"73382","comp43696_c0",0,0,0,6,12,31,0,118,0,0,15
"73630","comp43822_c0",10,25,1626,21,23,58,31,77,23,77,11
"73861","comp43959_c0",0,0,5,0,52,144,0,610,0,0,8
"73862","comp43959_c1",0,0,4,0,39,92,0,464,0,0,8
"74352","comp44219_c0",0,0,1,0,24,41.31,0,199,1,4,4
"74632","comp44359_c0",0,0,0,0,22,43,0,127,0,1,7
"74687","comp44388_c0",50,131,187,310.95,211,965,129,1883,16,231,511
"75082","comp44590_c0",0,1,2,0,32,77,0,202.02,0,4,4
"75235","comp44667_c0",6,9,25,15,4,49,7,51,3,10,42
"75450","comp44772_c0",0,0,0,1,13,32.27,0,67,0,0,4
"76164","comp45157_c1",9,26.05,50.79,24,4,118,15.55,182.66,3,9,87
"76404","comp45287_c0",2,7,13,3,4,39,9,79,0,7,38
"76579","comp45381_c0",3,4,167,3,0,192,3,126,1,10,108
"76773","comp45483_c0",0,11,7,1,2,31,9,21,2,7,26
"76841","comp45524_c0",0,2,2,5,47,105,3,224,1,2,5
"77061","comp45655_c0",0,0,0,5,16,34,0,83,0,1,20
"77125","comp45685_c0",10,17,108.92,3,3,58.99,28,181.9,3,12,125.99
"77178","comp45711_c1",2,3,12,3,3,53,7,90,0,9,38
"77188","comp45717_c0",12,17,3,29,2,6,113,88,3,73,33
"77213","comp45728_c0",1,1,15,0,5,22,4,124,2,2,10
"77229","comp45737_c0",0,1,13,0,39.32,29,0,384.56,2,0,91.94
"77232","comp45739_c0",0,4,38,1,0,30,1,198,0,5,235
"77639","comp45953_c0",8,5,48,19,73,209,9,776,4,1,401
"77643","comp45956_c0",2,6,12,13,7,48,8,29,1,16,33.01
"77727","comp45997_c0",0,44.06,104,0,2,45,0,88,6,1,1217
"77756","comp46013_c0",9,13,80.02,17,4,348,13,186,2,2,36
"77757","comp46013_c1",36,48,305,53,10,1096.99,46,764,9,11,99
"77765","comp46019_c0",0,25,74,0,0,56,0,19,0,1,289
"77902","comp46098_c0",0,0,1,0,0,170,117,211,6,277.09,186.42
"77937","comp46120_c0",1,9,40,14,0,117,3,77,1,10,67
"77990","comp46145_c0",0,5,20,2,1,58,1,188,1,7,80
"78052","comp46178_c0",179,936,553,302,29,44,1011,357,4,243,107.95
"78746","comp46585_c1",171,299,1219.08,458,168,2072.45,359,2292.08,45,415,1538
"78869","comp46655_c0",1,2,4,11,6,17,3,64.15,1,12,60
"79153","comp46816_c0",1,0,21,1,4,27,7,35,2,2,25
"79401","comp46978_c0",21,86,136.31,73,15,385.16,86,440,4,102,364
"79660","comp47133_c0",2,60,447,111,53,426.07,22,1913.09,12,76,1544.4
"80090","comp47383_c0",0,2,22,15,9,30,1,72,1,10,46
"80260","comp47485_c0",0,0,0,0,0,4,0,8,4,51,39
"80456","comp47606_c1",3,8,83,1,0,57,0,80,0,0,6
"80462","comp47610_c0",1,0,8,0,1,24,2,78,0,3,26
"80502","comp47636_c0",0,24,122.72,9,6,17,7,90,0,5,13
"80938","comp47896_c0",3,1,39,4,3,78,7,67,0,21,234
"81058","comp47965_c0",156,788,1117,630,141,1725.99,810,2666,40,834,926
"81468","comp48204_c0",0,1,8,1,1,40,1,90,0,0,56
"81591","comp48273_c0",0,0,0,0,108,149,0,427,0,0,8
"81656","comp48308_c0",1,5,77,6,19,273,0,1,0,0,0
"81894","comp48449_c0",1,1,8,5,23,4,0,313,17,0,33.77
"82034","comp48529_c0",30,266,145,97,54,334,108,479.61,10,73,314
"82045","comp48535_c0",4,11,32,5,41,64,8,154,1,8,409
"82067","comp48548_c0",7,21,80,11,1,118,15,181,2,10,53
"82244","comp48656_c0",4,5,34.01,25,32,110,37,2320,4,7,168.48
"82279","comp48675_c0",12,1,138,56,352,780,0,1343,2,23,281
"82327","comp48705_c0",0,0,1,1,43,64,1,465,0,1,1
"82389","comp48740_c1",795.29,3177.48,11142.39,2745.24,416.88,5454.25,1415.34,4823.71,97,3660.65,3472.52
"82449","comp48778_c0",28,170,879.18,48,21,141,275,614,9,10,44
"82463","comp48784_c0",5,17,34,17,2,58,8,56,1,10,18
"82652","comp48896_c0",0,1,3,4,0,239.76,0,125.98,0,1,84
"82694","comp48922_c0",153,137,5182.71,189,91,1928.79,10,1516.03,183,186,873.95
"82986","comp49096_c0",32,56,15,26,0,1,53,133,0,0,0
"83048","comp49136_c0",0,0,0,0,436,2378,0,882.99,0,0,0
"83203","comp49237_c0",2,11,11,9,26,49,0,188,0,5,11
"83280","comp49292_c0",1,0,11,1,6,34,0,154,0,2,21
"83296","comp49303_c0",4,21,12,18,10,36,15,155,5,15,60
"83315","comp49312_c0",0,0,0,0,96,248.03,0,418.19,0,0,10
"83379","comp49355_c0",5,10,117,18,10,57,7,471,2,37,327.59
"83430","comp49392_c0",22,58,139,66,16,279,51,461,6,79,347
"83434","comp49395_c0",21,53.82,20,35,7,8,55.77,61,1,52,21
"83445","comp49401_c0",1,7,11,15,8,42,0,69.14,0,2,24
"83472","comp49418_c0",23,33,138,70,110.81,238,51,668,4,38,125.63
"83473","comp49421_c0",7,22,32,8,4,36,37,417,6,19,116
"83587","comp49495_c0",74,234,92,103,36,19,1206.44,1733,15,57,70
"83614","comp49514_c0",8,17,21,11,10,30,13,259,3,6,80
"83698","comp49561_c0",2,20,29,27,19,108.96,24.58,112.09,1,11,43
"83720","comp49575_c0",6,4,210,0,3,88,7,60,2,41,69
"83740","comp49589_c0",6,27,43,0,2,333.01,50,2617.92,29,426,18990.8
"83766","comp49605_c0",13,21,141,22,3,493,28,287,1,18,113.5
"83778","comp49612_c1",12,76,252,52,8,84,9,300.29,10,54,93
"83779","comp49613_c0",4,12,28,6,3,47.98,5,130.65,5,4,57
"83825","comp49640_c0",525,2299,861,1460.28,171,347,3830.93,1290.01,47,1626.28,491.99
"83829","comp49644_c0",5,19,43,12,5,82,38,166,2,62,400
"83888","comp49681_c0",7,41,112,22,8,45,4,35,0,10,19
"83915","comp49696_c0",9,13,230,7,22,237,19,496.42,3,32,164
"83983","comp49741_c0",1,4,16,3,1,58,2,93,0,3,34
"83986","comp49744_c0",1,4,21,3,1,22,1,77,1,5,30
"84002","comp49753_c1",2,1,1,1,62,121,2,318,0,0,2
"84069","comp49793_c0",0,0,0,33,5,0,58,94,0,0,0
"84146","comp49838_c0",2,24,33,16,7,352,6,115,1,23,94
"84323","comp49946_c0",0,0,0,0,0,0,0,0,6,81,94
"84441","comp50016_c0",4,9,43,13,3,80,22,21,1,14,29
"84539","comp50072_c0",31,186,441.05,128,21,237,99,252,8,166,217.94
"84655","comp50148_c0",12,15,181,18,17,140,2,166,2,30,53
"84739","comp50205_c0",1,8,51,9,1,31,5,44,2,6,63
"85050","comp50409_c0",1,1,8,7,44,22,3,190,0,2,8
"85139","comp50470_c0",139.61,562.5,984.16,670.26,156.7,904.21,1112,2677.47,76,1774,1510
"85302","comp50572_c0",385.94,1578.74,3370.88,454,143,597.01,1015,4149.06,87,2251,2167
"85303","comp50572_c1",71,301,726.81,53,23,85,179,691,17,371,319
"85484","comp50696_c0",0,4,1,5,1861.03,4388.66,1,16518.32,1,4,210
"85596","comp50771_c0",1,5,6,16,33,100,7.79,271.91,1,7,21
"85849","comp50928_c0",0,3,41,0,0,90,0,18,0,0,761
"86025","comp51045_c0",2,22,56,5,3,97,2,216.02,0,10,89
"86121","comp51113_c1",1,6,8,3,6,38,18,96,0,3,37
"86193","comp51162_c0",62,118,297,215.99,23,460,80,272.86,13,320,598.19
"86210","comp51174_c0",3,17,83,26,3,56,34,251,5,29,87
"86218","comp51181_c0",5,10,127,10,4,135,0,265,1,5,745
"86323","comp51246_c1",8,57,280,83,27,172,13,311,3,32,81
"86363","comp51268_c0",0,1,7,1,0,25,3,96,0,5,50
"86368","comp51271_c0",6,9,65,2,1,83.92,0,63,1,1,139
"86369","comp51271_c1",2,8,61,4,0,32,0,25,0,0,56
"86509","comp51371_c0",0,0,0,201.7,48,0,97,172,2,1,7
"86579","comp51419_c0",24.01,50,172.95,86,33,176.58,33,442,8,57,218
"86823","comp51576_c0",20,68,265.02,48,14,572,37.49,505,4,42,144
"86908","comp51634_c0",2,11,21,3,3,35,5,56,0,13,28
"86984","comp51682_c0",5,23,156,44,691,1094.05,48,2434,3,32,394
"87050","comp51730_c1",1,4,1,9,13,34,4,128,0,1,5
"87072","comp51742_c1",1,12,54.21,11,47,117,13,454.24,4,24,51
"87081","comp51750_c0",2,12,24,3,3,22,8,88,1,27,28
"87200","comp51829_c0",3,9,32,9,3,32,11,70,2,18,100
"87219","comp51838_c1",1,2,9,10,11,14,6,267,2,4,62
"87250","comp51860_c0",1,3,3,3,1,33,6,47,2,7,190
"87353","comp51924_c0",0,0,0,0,0,51,0,389.13,1,13,419
"87378","comp51940_c0",7,33,57,21,5,45,10,195,5,8,69
"87393","comp51951_c0",39,135,429,78,29,1257.13,50,846,4,96,961.99
"87504","comp52026_c0",0,5,4,4,18,52.98,1,127,0,1,17
"87686","comp52147_c0",2,2,10,0,1,23,4,42,7,2,574.36
"87717","comp52169_c0",6,22,33,16,7,46,12,39,2,22,41
"87726","comp52174_c0",11,2,128.89,66,301,528.99,0,2409.7,2,19,253
"87727","comp52174_c1",1,0,7,7,24,35,0,197,0,2,14
"87728","comp52174_c2",7,0,100,36,189,338,1,1423.95,2,17,179
"87788","comp52216_c0",5,9,7,6,16,55,11,120,0,14,171
"87789","comp52216_c1",7,14,51,25,26,178.14,21.7,338.01,3,34,530
"87869","comp52264_c0",1,6,7,6,14,148,2,81,1,0,4
"87877","comp52269_c0",81,282,613.52,293,63,604,384.69,1468.72,21,284,480.4
"87883","comp52272_c0",14,49.97,236.39,74,18,98.03,13.07,75.97,3,41.99,46.73
"88039","comp52368_c0",41,89,152,146,293,556,85,1288,2,100,258
"88067","comp52388_c0",1,11,44,5,1,45,12,10,0,19,32
"88133","comp52437_c0",145,210.7,603.98,111,48,2905,65,3180.99,24,151,1554.49
"88283","comp52531_c0",0,9,25,5,4,29,10,80,0,9,47
"88291","comp52535_c0",1,2,4,4,17,56,9,115,0,1,6
"88351","comp52582_c0",0,1,1,7,10,32,5,66,0,0,8
"88429","comp52638_c0",108.13,178,1683.92,111,98,120,143,2120.99,3,15,184
"88453","comp52653_c0",136,814,1658.86,664.38,117,931,639.67,1627.75,44,737.15,709
"88469","comp52663_c0",0,0,5,1,46,145,0,329,1,0,42
"88735","comp52846_c0",0,0,1,3,11,31,1,68.76,0,1,2
"88930","comp52971_c0",3,9,48,40,48,78,24,178,4,8,318
"88937","comp52977_c0",7,31,194,7,8,751,5,762,2,13,169
"89001","comp53017_c1",0,0,0,0,0,23,0,71,1,0,30
"89017","comp53029_c0",3,6,34.23,26,3,149.73,4,198.54,5,16.99,96.86
"89045","comp53046_c0",7,36,102,31,21,72,32,150,2,50,77
"89054","comp53053_c0",342,1583.67,917,751.19,170,240,1938.99,1156,11,708.01,325
"89133","comp53103_c0",6,39,744,45.79,17,85,120,272,17,277,240
"89252","comp53190_c0",55,199,630,207,44,412.02,183,935,10,180,664
"89278","comp53205_c2",20,41,107,38,19,450.01,71,480,4,98,347
"89291","comp53218_c0",40,136,8,140,16,38,376,139,2,78,22
"89490","comp53339_c0",18,103,96,11,3,103,3,218,3,4,967
"89544","comp53384_c0",1,0,148.63,0,691.22,1184.22,0,2906.19,9,0,298.06
"89554","comp53389_c0",0,1,3,0,1,2,10,60,2,7,30.86
"89643","comp53449_c0",11,46,127.02,61,25,188,41,711.02,3,65,250
"89676","comp53469_c0",3,10,74,9,5,104,8,279,1,6,100
"89708","comp53494_c0",30,49,9,50,9,15,66,36,1,49,19
"89720","comp53502_c0",3,4,24.48,1,6,28,10,171.99,0,4,60
"89740","comp53514_c0",0,0,0,0,0,35,0,188,2,18,58
"89801","comp53552_c0",1,0,0,1,40,90,0,188,0,0,7
"89813","comp53562_c1",148,307,859,550.33,90,915.01,412.19,2180,68,472.06,1160
"90039","comp53718_c0",0,3,0,4,24,51,0,185.07,0,1,4
"90051","comp53728_c0",15,20,140,8,0,61.58,10,158.99,2,24,82
"90069","comp53739_c3",1,2,23,1,0,223,0,241,3,6,5496
"90114","comp53772_c0",3,7,16,15,17,41,3,104,0,3,20
"90132","comp53780_c4",7,68,121,60,311,521,66,923,6,79,108
"90148","comp53790_c0",2,9,16,2,2,81,3,83,1,2,67.96
"90298","comp53897_c0",105,448,638.33,58,10,182,92.11,146.81,8,459.35,666
"90323","comp53913_c0",29,121,624,228,23,152,134,950,48,311,445
"90324","comp53914_c0",14,19,301.91,79,18,1472.94,17,1899.48,8,57,4363.19
"90345","comp53929_c0",29,129,206,91,15,111,181,833,28,146,322
"90377","comp53955_c0",36,97,280.77,84,48,600.9,58,1266.84,13,38.97,261
"90413","comp53980_c1",0,2,19,6,3,10,5,242,2,2,132
"90424","comp53988_c0",82,214,625.18,108,51,1285,144,1361.98,7,140,990.01
"90574","comp54086_c0",2,5,81.53,33,18,124,8,387,3,2,63
"90591","comp54099_c1",0,1,1,2,9,1001.14,0,756,1,0,112
"90633","comp54128_c0",413,1160,411,1005,163,435.01,1761.06,1241.31,16,629.97,358.27
"90712","comp54181_c0",0,1,0,0,33,34,0,101,0,0,6
"90742","comp54201_c0",1,13,38,15,9,548,34,331,0,26,298
"90784","comp54224_c0",0,0,0,2,0,41,1,72,0,0,25.99
"90797","comp54232_c1",3,30,64,40,7,90,14,140.55,3,47,110.05
"90882","comp54286_c0",24,72,6,34,6,2,2.1,3.98,0,5,10
"90918","comp54308_c0",4,13,13,7,19,36,18,106.24,11,9,24
"91026","comp54380_c0",0,0,0,3,13,25,0,121,0,0,7
"91035","comp54386_c0",1469.06,4947.59,2985.02,2450.9,655,588,4740.17,4826.89,70,1558.49,679.58
"91127","comp54452_c0",0,0,9,1,1,52,0,72,0,0,131
"91149","comp54466_c0",0,4,16,5,1,20,2,72,4,2,25.75
"91177","comp54487_c0",3,2,61,8,7,45,5,67,0,5,36
"91208","comp54508_c0",505,1110.16,2851.71,859.06,336.95,2344.93,918.96,4963.17,63,1035,1847.03
"91237","comp54526_c2",215,328.01,2590.57,215,99.01,554.91,253.47,1815.9,69,245,594
"91255","comp54539_c1",0,0,11,1,25,34,0,96,0,0,10
"91287","comp54563_c0",2,25,49,11,4,19,39,107,5,18,17.02
"91291","comp54566_c0",8,25,151.19,1,0,3,20,47,1,68,71
"91482","comp54689_c0",67,162,646.86,162,35,492.11,179,956,12,156.83,563.99
"91511","comp54707_c0",8,26,60,6,4,192,4,160,2,14,594
"91514","comp54709_c0",8,15,119,81,5,147,23,395,22,25,146
"91543","comp54731_c0",0,4,3,0,1557,10086.93,1,25046.56,0,0,0
"91583","comp54763_c0",10,53,31,41,72,181,52,822.15,5,72,141
"91660","comp54813_c1",7,42,33,7,38,146.67,1,72,0,57,2608.53
"91724","comp54856_c0",7,12,725.05,16,5,52,82,111,8,29,75
"91910","comp54981_c0",1,15,33,9,3,115,10,266,1,2,165
"91951","comp55009_c0",0,0,147,2,1,7,1,70,6,1,2
"91968","comp55020_c1",11,27,178,64,20,270,33,225.97,0,41,87
"91969","comp55020_c2",5,7,57,22,10,118,14,85,0,14,32
"91971","comp55022_c0",3,4,283,3,2,100,9,393.7,11,163,1929.99
"92073","comp55097_c0",14,19,216,144,635,979.19,23,2264,7,62,371
"92156","comp55151_c2",198,456,2104.44,588,170,562.6,368,2740,62,489.93,1035.02
"92170","comp55159_c2",361,355,3577.65,826.78,210,3815.26,458,12010.86,79,339.05,3987.03
"92227","comp55198_c0",0,0,1,4,72,438.29,0,848,0,0,1
"92269","comp55222_c0",2,7,111,4,11,171.25,28,278,2,14,164
"92278","comp55230_c0",26,85.22,302.17,172.99,73,494.41,134,1546.01,17,126,247
"92286","comp55237_c0",0,2,4,0,0,12,0,1,2,44,100
"92317","comp55258_c0",313,568,5115.88,707,155,8809.9,194,13762.43,104,967.92,4178.41
"92353","comp55285_c0",200.89,563.82,980.36,720.04,505.04,1101.94,494.99,3995.11,34,835,1165
"92429","comp55342_c0",548.49,1098.69,4393.06,1050.06,396.01,3344.49,1092.9,8331.04,83.08,2167.99,2086.28
"92430","comp55343_c0",0,0,0,0,14,41,0,287,0,0,0
"92505","comp55399_c0",0,0,0,4,1111,1289.07,13,2535.25,0,2,247.06
"92527","comp55417_c0",12,25,68.34,47,1476.24,6878.52,37,18547.77,7,18,123
"92786","comp55588_c0",154,325,911,325.94,247,732.31,509,4965.46,39,353,1096.88
"92816","comp55602_c1",6,20,23,13,11,63,18,99,1,8,29
"92850","comp55625_c0",14,99,80,61,38,249,126,573,4,192,359.95
"92890","comp55650_c1",0,0,0,0,10,30,0,119,0,0,4
"92902","comp55658_c0",0,21,34,9,2,10,23,198,1,4,74
"93043","comp55761_c0",3,18,304.14,22,7,66.71,46.99,294.32,6,88.95,197.99
"93044","comp55762_c0",50,142.97,247,180,61,637.98,98,1063.96,20,141,684.72
"93081","comp55786_c0",21,25,158,42,8,335,37,863,7,33,380
"93082","comp55786_c1",2,6,16,4,2,32,2,95,3,4,47
"93146","comp55826_c1",17,101,554,82,34,1037,94,831,15,493,542
"93183","comp55845_c1",13,19,132.67,47.02,216.16,287.56,13,1329,7,79,289
"93198","comp55856_c0",6,13,79,39,5,88,8,113,3,12,15
"93316","comp55943_c0",8,28,37,31,16,114,42.03,218,3,34,166
"93404","comp56001_c0",4,55,85,4,1,8,8,130,2,75,168
"93424","comp56016_c1",0,1,4,4,10,26.56,0,264.71,3,0,19
"93548","comp56105_c1",88.9,183.84,339.99,230,213,526.8,246.89,2233.02,10,148.11,353.17
"93556","comp56111_c0",1,1,2,3,0,55.01,0,2,1,185,253
"93557","comp56111_c1",0,0,0,0,0,55.97,1,1,1,112,205
"93727","comp56218_c0",9,12,48,7,2,21,6,37,4,16,28.26
"93919","comp56342_c0",0,0,25,11,53,106.06,0,245,0,3,51
"93935","comp56350_c1",47,108,293,140,42,333,109,711,11,201,377
"94058","comp56432_c0",6,19,82,35,11,468,37,458,4,10,226.39
"94071","comp56440_c1",699.46,1388,3862.02,1454.99,434,4148,1529.31,5527.03,86,1733,2681
"94162","comp56502_c0",409.5,1265.68,2328.14,1361.23,217.04,2190.74,1024.73,3629.35,88,1094.69,1742.3
"94211","comp56537_c0",0,0,1,0,100,2,525,866,0,0,0
"94229","comp56549_c1",0,0,0,0,30,2,322,9321.27,1,0,1
"94304","comp56600_c0",162.99,920,2094.42,1103.75,213,1673.99,605.15,5080.55,41,1316,3042.53
"94353","comp56637_c0",0,0,3,0,0,61,0,183.65,0,2,69
"94355","comp56638_c1",95.15,98,1686,98,32,867.98,138,1221,6,25,525
"94467","comp56701_c0",15,32,11,68,7,5,14.01,46,0,25,20
"94544","comp56756_c0",9,15,56,37,22,185,44,342.02,13,164.99,175
"94594","comp56784_c0",149,385,444,295,208,445,470,3666.82,15,122,209
"94637","comp56815_c0",0,3,10,0,17,59,4,110,0,1,10
"94774","comp56907_c0",7,20,95,19,11,223,25,506.54,2,15,171.04
"94783","comp56915_c0",3,13,46,7,2,22,19,30,2,19,29
"94832","comp56942_c0",7,15,300,21,2,889.67,74,550,17,8,314
"94978","comp57039_c0",2,4,63,5,4,42,26,102,0,6,42
"95110","comp57129_c0",0,20.52,6,18,8,39,10,71,1,6,10
"95112","comp57131_c0",619.98,2176.91,2879.89,1885.48,964.46,2465.03,1929.18,9606.36,100,1761.89,1835.03
"95175","comp57167_c0",15,49,282.97,15,12,276,37,410,2,26,740.95
"95208","comp57187_c0",161,562.03,907,530.01,1248,3201.66,459,9949.49,24,568,1162.9
"95225","comp57199_c3",3,24,23,17,3,39,22,99,4,10,26
"95303","comp57250_c0",3,9,28,4,3,178,24,1227.37,1,3,211
"95386","comp57305_c0",3,0,91,12,166,299,0,1016,1,7.84,188.67
"95430","comp57335_c0",2,10,19,9,2,49,7,79,0,9,33
"95472","comp57364_c0",5,33.15,81.04,9,7,324.98,44,133.93,3,9,205.84
"95480","comp57371_c0",76,33.61,662,553,2068.29,3498.86,57,11184.05,13,297,1206.87
"95545","comp57412_c1",3,4,24,6,4,58,11,99,1,11,40
"95609","comp57456_c0",18,22,94,11,104,161,21,589.05,2,15,176
"95647","comp57480_c0",116,218.14,1167,266,69,772.12,278,1427.63,13,259.03,477.05
"95678","comp57503_c0",33,48.99,322,86,37.09,335,46,758,9,79,1100.96
"95757","comp57554_c0",8,16,24,23,19,63,23,268.77,3,44,143.99
"95763","comp57558_c0",0,0,0,0,0,5,0,96,2,11,31.01
"95787","comp57573_c0",5,15,155,9,24,105,12,176,1,10,101
"95827","comp57598_c0",5,14.38,12,14,20.01,26.71,9,128,0,9.26,31.6
"95954","comp57667_c0",0,0,2,1,1,35,0,62,0,10,58
"95994","comp57692_c0",39,74,364,96,198,640,89,3535.87,4,89,269.89
"96059","comp57736_c1",0,0,12,2,1,579,0,350,0,1,632
"96337","comp57922_c0",241,623,1020,684,168,1380.06,676,1712,44,722.53,856
"96445","comp57989_c0",6,33,46,21,2,173.18,27,120,2,29,48
"96509","comp58028_c3",13,55,101,27,13,81,6,13,0,11,18
"96520","comp58036_c0",487,1333.95,3865.11,1534.6,261,1543.86,1399.28,5976.66,210,2034.24,2325.59
"96540","comp58046_c1",14,89,119,106.02,29,193.06,90,333.17,10,168,225
"96548","comp58052_c1",1,2,3,1,0,160,2,82,0,10,241
"96596","comp58078_c0",0,0,0,27,14,2,83,369.99,0,0,0
"96716","comp58148_c0",1,2.16,96,5,210,342,1,1304.03,1,3,254
"96727","comp58156_c0",5,91,139,52,14,125,59,248.96,3,78.04,119
"96738","comp58164_c0",97,539,2621.85,465,74,1313.93,461,1753,34,413,1204.41
"96844","comp58230_c1",2,3,23,1,1,14,3,5,5,106,138
"96869","comp58247_c0",34,140.01,294,166,49,487,189,847.99,9,193,247
"96885","comp58255_c2",3,25,28,34,92,173,24,588.92,7,20,31
"96915","comp58274_c0",1938,4126,3716.97,3193.04,578,1059,7501.48,8882.84,67,1432,1676.01
"96979","comp58310_c0",0,0,0,18,0,157.83,0,52.65,7,194.97,104.12
"97097","comp58384_c0",1048.08,1828,7850.8,2984.62,888.95,10333.71,2770,37412.11,262,1993,16758.12
"97237","comp58470_c1",117,388,734,340,73,713,669,1654.98,33,267,382
"97678","comp58710_c0",1,30,26,4,821.62,1418,6,4272.4,0,6,257
"97732","comp58747_c0",0,0,0,0,0,33,0,201,1,12,40
"97799","comp58779_c3",3,22,74,12,5,56,16,110,0,16,18
"97803","comp58779_c7",32,166,362,86,26,355.95,101,596.01,3,98,136
"97827","comp58799_c0",0,0,9,6,4,310,2,532,1,13,228
"98019","comp58913_c0",0,7,8,1,9,38,0,66,0,2,11
"98075","comp58952_c0",0,0,17,1,1,27,1,80,1,1,49
"98113","comp58977_c0",493,1509.5,823,1396.49,221.99,563,2611.12,1824.99,39,1257.94,665.14
"98214","comp59030_c0",0,27,88,32,16,110,17,21,0,23,30
"98257","comp59051_c0",5,12,81,10,2,137,6,424,5,49,370
"98464","comp59172_c0",51,13.05,824.05,0,2,31,4,582.02,2,9,91.02
"98658","comp59264_c1",180.65,426.93,1513,184,69,459,171,1270.74,15,155,748.3
"98699","comp59291_c0",9,31,46,25,3,195,32,131,4,23,68
"98707","comp59298_c0",1,12,233.03,4,271,362.08,6,615.14,1,15,379
"98780","comp59343_c0",3,24,46,9,2,29,5,49,0,10,27.52
"99000","comp59455_c1",20,104,481,82,48,305,92,657.02,3,124,316
"99143","comp59527_c0",45,84,585.04,78,23,287,63,550,2,38,168.99
"99222","comp59569_c2",13,93.82,140,56,18,171.41,49.78,188.31,1,64,123
"99291","comp59612_c0",9,86,1293,5,1,100,22.47,35,1,25.34,153
"99839","comp59887_c1",78.04,234,841.84,341,68,315.19,499.03,3934.63,116,471.71,620.74
"99933","comp59932_c0",120.96,631.58,198.02,546,95,130.97,1766.78,750,21,487.8,162.01
"99946","comp59940_c0",33,43,413,54,56.99,1063,39,2083.56,5,56,564
"100075","comp60001_c2",14,36,114,3,7,1009,4,1254,11,20,10101.31
"100193","comp60052_c0",13,51,97.73,29,96,184,34,686,1,16,44
"100350","comp60122_c6",4,33,19,8,6,24,8,41,1,14,41.8
"100376","comp60139_c1",112,241,1014.65,170,66,1427.71,265,3011.59,21,297.45,1782.38
"100398","comp60156_c0",1,0,2,15,44,140,0,276.6,0,2,5
"100428","comp60171_c4",645,1640.46,1572,1186.01,393,1434.99,650.88,6096.22,73.06,994.19,3830.21
"100557","comp60240_c2",4,45,29,15,7,26.02,17,81,2,35,85
"100591","comp60254_c0",133,202,2237.33,203,402.98,2281.19,156,4687,21,340,2761.02
"100912","comp60434_c0",12,29,158,44,158,386,54,1256,1,62,169
"101107","comp60533_c0",80,263,522,178.01,64,861.48,213,716.78,9,278.03,463
"101186","comp60574_c1",6,18,22,31,24,74,9,193,0,25,56
"101894","comp60941_c0",130.19,339.62,1031.02,254.11,72,649.18,265.81,1661.77,31,400.62,744.33
"101912","comp60950_c0",4,35,16,5,5,14,23,104.83,2,29.66,48.81
"102084","comp61030_c5",8,23,82,44,9,72,16,75,5,58,53
"102216","comp61087_c1",26,87,34,480,43,118,412,161,3,240,88
"102220","comp61089_c1",131,251.99,1010.01,501.69,123,746.07,232.09,2188.83,53,208.94,549.01
"102225","comp61089_c6",38,99,565.1,346,51,464,79,1303,21,74,274
"102238","comp61095_c0",18,73,186,63,21,315,144,670,10,87.08,428
"102618","comp61285_c0",0,0,0,0,78,98.43,1,529,0,1,0
"102716","comp61331_c1",23,95,266,67.59,9,194,97.5,502.12,9,53,172
"102908","comp61417_c0",4,21,51.99,22,4,132.99,27,229.67,1,28.01,147
"102954","comp61438_c0",922.07,3088.82,5704.77,3066.29,546,6505.09,2834.31,10646.38,142,3377.6,5567.09
"103058","comp61490_c4",160,675,967.06,520.12,101,1554.5,624,2103.02,30,673,879
"103343","comp61617_c0",5,6,47,8,3,72,0,34,0,3,85
"103491","comp61663_c3",0,0,0,0,0,0,0,0,5,161,228.08
"103689","comp61759_c0",1.99,97,241.84,4,6,85,9,19.93,3,125,198.86
"103706","comp61764_c0",222,618,316,219,70,40,482.01,837,8,153,236
"103774","comp61799_c0",5.57,44.64,65,30,6,66,29,79,3,60.98,92
"103841","comp61830_c1",1,2,5,38,50,79,2,149,0,12,36
"103949","comp61886_c0",0,1,5,0,114,1,796.16,12206.23,0,0,3
"103979","comp61897_c4",1,3,7,3,2,14,25,142,4,44,83
"104021","comp61920_c1",151,10,1830.3,524,9634.99,16397.05,18,60128.98,52,206,2887
"104032","comp61925_c1",1977.91,5985.78,3188.98,5661.43,982.46,1553.5,11317.22,8270.97,268,6981,3148.98
"104336","comp62052_c4",18,88,87,68.83,101,184,61,556.02,1,71,95.76
"104367","comp62066_c2",4,66,100,15,3,97,55,219,2,45.92,90
"104426","comp62096_c1",6,21,95,3,0,388,8,528.02,2,4,525
"104541","comp62151_c0",2.02,13,101,10,0,69,39,321,3,44,88
"104602","comp62178_c2",122,324.76,70,152,40,54.98,306.02,425.99,4,63,103.01
"104776","comp62254_c0",100,712.67,490.05,48.8,11,350.08,62.9,73.85,14,576.66,539.24
"104815","comp62273_c2",216,1118.34,1836.98,949,180,1464,827.51,3852.85,115,575,710.94
"104870","comp62298_c0",121,462,432,168.04,97,44,618,3076.36,17,202.23,700.19
"104930","comp62319_c2",15,75,73,74,299,1954.8,74,4301.6,2,58,124
"104934","comp62321_c0",386,1467.29,3062.54,1586.28,7510.99,11865.06,1503.99,42572.12,119,1781.87,4420.71
"105021","comp62368_c0",14,100,214.2,59,12.98,192,37,311.38,6,87,160.44
"105096","comp62403_c0",1,11,26,4,0.99,95.02,4,56.87,0,5,49
"105120","comp62411_c0",31,86,290,90,5086.06,8962.67,67,30503.44,16,79,1416.36
"105130","comp62416_c0",25,82.04,179.09,103,240,603.4,100.31,1714.19,11,87,593
"105337","comp62511_c0",2,1,64,9,8,158.99,7,43,0,6,43
"105532","comp62602_c0",7,53,282.97,3,0,66,11,71,3,2,22
"105604","comp62632_c2",226,654.91,249,427,132,108,1016,885,22,490,238
"105639","comp62647_c0",36.01,126,372.54,175.51,73.75,1301.23,98.16,1907.09,13,244.27,2965.6
"105856","comp62752_c0",7,61.99,40,27,8,39.13,36,144.92,3,32,80.04
"105857","comp62752_c1",522.96,2153.37,2506.14,1521.98,853.99,2482.1,2507.07,11228.51,250,1207.96,2701.69
"105907","comp62778_c1",351,1322.13,1612,1825,292,2505.01,664,4941.19,121,1005,2159
"106110","comp62870_c0",4,35,122,29,11,78.09,34,60,0,6,11
"106210","comp62917_c1",195,822.91,2148.94,1091.86,115,1258,1021,8171.68,184,775,1515.89
"106563","comp63082_c2",860.98,2297.36,2607.35,1351,784.86,3424.99,1244.59,11176.65,76,1318.78,3626.06
"106711","comp63137_c0",44,251,8,148.99,34,14,143,426.85,0,12,25
"106724","comp63143_c2",176,648.9,742,1516.99,485,599.44,1329,5533.54,50,382.07,1074.3
"106803","comp63182_c0",78,212.64,322.5,158.01,94.91,513.33,119.94,1086.61,10,158,394.82
"106935","comp63236_c1",20,128.22,169.96,34,31,191,36,242.44,1,38,95.28
"107132","comp63311_c0",48.99,160,250,40,7,306.97,94,369,9,86,472.79
"107165","comp63328_c0",256,954.96,982,1063.17,490,1161.36,1040,2793.9,59,1023.12,1630.99
"107352","comp63413_c2",1271.03,2654.65,2110.92,2495.13,463.02,675,5304.62,3939.5,120,3059.55,1675.95
"107585","comp63506_c0",47,228.01,300.89,86,36,375.03,107.88,459.18,8,137,252.99
"107718","comp63563_c4",1,4,79,5,2,74,68,84,1,4,7
"107719","comp63563_c5",3,29,39,25.01,11,48,33,357,4,23,42
"107784","comp63597_c1",21,85,234,146,163,391,125,1216,11,190,286
"107785","comp63597_c2",86.06,439.99,1076.74,789.29,812.37,2045.32,600.59,5395.31,40.01,927.35,1602.44
"107830","comp63617_c0",25,205.81,683,147,35,454,147,388,6,284.02,312
"107852","comp63626_c0",0,0,0,0,0,0,0,0,2,69.99,35
"107914","comp63659_c0",28,121,241,56,13,687,48.25,543.54,5,65,986
"107946","comp63671_c0",335,1331.2,2497.69,543,48,991.26,364.99,1355.21,63,1316,1432.37
"108022","comp63705_c2",203.95,490.01,773,628,797,1752,629.16,7819.17,30,580,831.22
"108080","comp63731_c2",0,3,1,2,89,97,2,203,0,2,20.27
"108190","comp63780_c0",3,12,34,13,0,35,9.29,62.62,1,11,28
"108245","comp63802_c0",56,185.38,567.04,146,30,433,342,1121.07,31,1120.59,1655.69
"108252","comp63804_c3",918,2628.19,1273.03,3180.24,492,726.99,3885.18,4869.27,120,3288.78,2106
"108295","comp63828_c0",144.07,199,556,406,2002.67,2973.48,387,13530.43,15,351,1045.56
"108300","comp63830_c0",422.98,1333.34,1486.01,671,128.99,2649.45,863,3040.6,74,3144.15,8392.91
"108425","comp63890_c2",3,18,52,20.32,5,59.03,12,9,1,62,113.25
"108534","comp63934_c0",3,13,19,3,5,23,18,49,10,10.99,983.69
"108584","comp63956_c1",158,475,1151,407.81,95,496.85,470.13,1500.02,34,340.28,450.6
"108651","comp63983_c0",3,20.67,14,11,4,28,8,39.27,2,40,116
"108673","comp63995_c0",528,1953,698,1483,444,826,1731,3372.38,48,774,1222.31
"108885","comp64094_c0",13,45,31,34,22,60.13,23,790.15,2,16,62
"109256","comp64267_c0",306,831.25,1646.09,815.74,167,2121.24,655.78,2574.86,45,916.72,705.01
"109382","comp64322_c0",217,527.32,193,696.79,108,120,550.78,251.92,9,334,73
"109471","comp64362_c1",294,898.01,2548.28,585.73,122,1314.21,481.19,1938.48,25,759.11,1194.97
"109646","comp64439_c1",0,0,0,0,0,0,0,0,2,41,30
"109746","comp64479_c2",31,44,205,41,16,165,75,369,6,57,260
"110464","comp64759_c5",664.01,1681,4532.12,2234.12,347,41021.3,2065.76,37381.42,250.59,2047.01,13858.26
"110921","comp64954_c2",144,631.28,899.72,99.82,35.98,214,179,605.9,15,691.79,1163.8
"111116","comp65042_c0",0,0,0,0,0,1,0,2,2,160,86
"111154","comp65060_c0",31,138,196,76,158,276.18,131,987.01,11,108,203
"111261","comp65101_c2",22,80,4,78.01,15,4,85,160,1,1,11
"111390","comp65153_c5",4,24,77,18,12,45,48,176.73,3,23,42
"111401","comp65157_c0",25,107,131.85,65,28,150.81,105.97,322.23,10.96,163.06,286.88
"111455","comp65187_c1",328.66,1141.76,2649.01,714,214,1090,765,3181.97,109,548,1350.99
"111540","comp65223_c0",0,88.38,155.09,40,32,109.62,13.49,37.12,1,1,1
"111675","comp65287_c0",1232.62,4985.13,6526.27,3882.65,1311.9,4442.07,4191.65,20140.85,180.01,4209.07,4987.48
"111774","comp65327_c0",6,22,31,46,12,359,0,2,2,52,34
"111841","comp65357_c0",99,290.72,773,155,80,1494.43,180.1,1602.83,10,124.95,513.15
"111948","comp65411_c1",475,2165.91,840,2474.72,291,661.6,8346.35,3790,77,2913,1156.87
"111949","comp65411_c2",123,616.23,259,597.63,79,185,2664.48,1049,19,880,339.91
"111978","comp65426_c0",55,229,210.45,180.98,355,733.16,175.99,2091,8.96,159.46,233.19
"112056","comp65452_c1",29,272.01,412,41.61,10,338,28.81,90.04,4,249.75,410
"112057","comp65452_c3",8,66,101.29,3,1,83,10,26,0,47,89
"112331","comp65573_c4",23,133,531.99,109.23,30,539.81,145.92,364.42,5,95.99,1290.12
"112365","comp65588_c1",3,25,52,15,6,198,21,102,3,6,323.11
"112425","comp65613_c0",7,37,61,13,6,48,32,114,3,22,30
"112507","comp65648_c0",7,10,164,38,584.78,1276.6,7,2347.63,2,26,328.51
"112519","comp65651_c1",2,41,77,11,2,48,18,80,1,22,28
"112521","comp65652_c0",19,62,375.93,135.98,66,677.47,93,1922.59,11,40,712.49
"112595","comp65687_c0",5,31,30,22,11,87,8,45,1,26,45
"112729","comp65745_c0",0,0,0,0,0,37.95,0,299,1,9.48,76.06
"112745","comp65755_c0",173,520,768.02,447,197,1693.07,1306,1790.67,75,1416.02,1998.69
"112755","comp65759_c0",18,85,164,60,14,237.6,47,274,6,59,125
"112791","comp65775_c0",44.95,163.94,254,70,20,311.15,94,292.01,5,164,374
"112897","comp65820_c0",399,1002,2274.77,575.86,95.78,1881.18,435.07,3320.39,38,377,2209.07
"112987","comp65860_c1",56,101,208,229.01,16,303.3,128.01,117,12,298.77,122
"113072","comp65905_c0",5,0,88,3,12,602.01,0,1,0,0,0
"113108","comp65923_c0",13,49,90,43,20,143,80,858,2,18,109.02
"113119","comp65929_c1",106,418,27,149,25,22,41,84,2,108,130.35
"113123","comp65931_c0",175,300,671.02,619.87,55,873,708,401,34,1066.15,421
"113161","comp65953_c0",25,94.89,225,93,28,231,97,329,4,99,173
"113201","comp65973_c1",1489.15,5273.05,6048.9,6334.97,4602.41,13216.27,5143.25,32615.3,253.22,7007.94,8326.88
"113246","comp66000_c0",0,0,0,0,0,67,0,457.75,1,17,150
"113497","comp66142_c0",0,10,26,0,874.9,11,3796.31,124683.4,11,1,11
"113521","comp66157_c0",360.81,829.79,2440.46,1196.01,381.56,3176.3,18,63,1,8,28
"113556","comp66197_c0",354.34,1558.17,4980.31,1040.84,148.98,2295.94,507.03,2094.16,46,1337.07,1517.76
"113911","comp67806_c0",0,0,0,0,7,34,0,758,0,0,0
"114101","comp68566_c0",84,148,5717.97,153,44,307,220,360,6,51.82,61
"114195","comp68899_c0",0,1,4,2,0,9,0,61,8,1,637
"114202","comp68915_c0",0,22,17,10,5,30,22,83,1,14,33
"114309","comp69319_c0",0,0,0,0,0,0,0,0,2,218,63
"114353","comp69444_c0",0,0,0,0,0,162,1,72,0,5,45
"114356","comp69452_c0",0,0,1,0,15,26,0,61,0,2,60
"114380","comp69579_c0",24,59,2,136.28,0,0,0,1,0,0,0
"114628","comp70338_c0",2,12,22,14,8,55,9,132.63,1,9,35
"114666","comp70473_c0",7,42,74,23,8,49,35,103,3,47,63.07
"114789","comp70854_c0",0,0,0,5,19,30,0,79,1,1,2
"114938","comp71466_c0",0,0,0,0,0,0,0,0,3,99,85
"114970","comp71566_c0",0,12,22,3,0,69,11,94,1,8,32
"115079","comp72089_c0",0,0,1,0,8,49,0,100,0,0,2
"115176","comp72573_c0",1,0,1,5,7,26,0,63,0,0,4
"116642","comp81103_c0",0,0,0,0,0,0,0,0,8,41,45
